Phone_id,Contact_id,Area_code,Phone_type,Number
1,1,75018.0,Home,732-392-7165
2,2,75062.0,Home,907-913-3698
3,3,75029.0,Home,637-715-3867
4,4,75099.0,Home,359-747-1907
5,5,75061.0,Home,543-710-0843
6,6,,Home,227-992-2900
7,7,75031.0,Home,181-781-9784
8,8,75041.0,Home,871-791-7851
9,9,,Home,933-257-7616
10,10,75027.0,Home,747-303-4705
11,11,75059.0,Home,423-257-0444
12,12,75076.0,Home,537-987-3004
13,13,75013.0,Home,994-189-5386
14,14,75083.0,Home,223-746-7737
15,15,75078.0,Home,769-740-9664
16,16,75046.0,Home,275-477-5499
17,17,75005.0,Home,272-367-4116
18,18,75088.0,Home,770-282-5502
19,19,,Home,131-155-6846
20,20,75042.0,Home,452-967-2050
21,21,75060.0,Home,310-517-1998
22,22,75046.0,Home,905-442-0240
23,23,,Home,886-702-1908
24,24,75099.0,Home,562-617-1312
25,25,75046.0,Home,873-511-6075
26,26,75091.0,Home,826-297-4157
27,27,75083.0,Home,770-453-6125
28,28,,Home,806-105-9954
29,29,75004.0,Home,899-522-4338
30,30,75086.0,Home,993-228-0137
31,31,,Home,939-693-0069
32,32,75060.0,Home,330-860-4567
33,33,75009.0,Home,
34,34,75047.0,Home,189-158-2552
35,35,,Home,929-650-9987
36,36,,Home,713-373-4369
37,37,75037.0,Home,708-580-5566
38,38,75045.0,Home,544-254-3783
39,39,,Home,918-967-1567
40,40,75078.0,Home,441-572-3400
41,41,75011.0,Home,798-797-3341
42,42,75013.0,Home,519-774-5168
43,43,75002.0,Home,808-824-0672
44,44,75041.0,Home,584-539-0112
45,45,75061.0,Home,398-879-3327
46,46,75030.0,Home,930-819-8669
47,47,,Home,146-300-8184
48,48,75071.0,Home,637-650-0978
49,49,75011.0,Home,
50,50,,Home,488-851-7113
51,51,75010.0,Home,771-812-0449
52,52,75002.0,Home,258-263-5860
53,53,,Home,378-873-6862
54,54,75095.0,Home,125-655-6551
55,55,75074.0,Home,320-344-7502
56,56,,Home,614-951-1081
57,57,75067.0,Home,158-791-4110
58,58,75032.0,Home,502-272-1989
59,59,,Home,743-364-4750
60,60,75016.0,Home,801-995-3628
61,61,75011.0,Home,978-461-6856
62,62,75017.0,Home,791-162-2031
63,63,75041.0,Home,968-277-3614
64,64,,Home,798-873-9529
65,65,75002.0,Home,288-674-1492
66,66,75048.0,Home,334-497-2608
67,67,,Home,
68,68,75049.0,Home,203-431-4947
69,69,75059.0,Home,307-758-9076
70,70,75048.0,Home,849-695-9335
71,71,75051.0,Home,748-818-7221
72,72,75023.0,Home,697-516-7673
73,73,75064.0,Home,
74,74,75040.0,Home,359-128-8195
75,75,75081.0,Home,853-669-6031
76,76,75022.0,Home,182-313-3105
77,77,75073.0,Home,645-688-9829
78,78,75067.0,Home,952-872-9308
79,79,75094.0,Home,
80,80,75079.0,Home,896-621-0151
81,81,,Home,301-947-1348
82,82,75006.0,Home,442-776-7096
83,83,75074.0,Home,131-277-8084
84,84,,Home,112-337-2438
85,85,75021.0,Home,467-112-0628
86,86,75053.0,Home,512-999-1443
87,87,75059.0,Home,311-847-9441
88,88,75055.0,Home,322-220-0314
89,89,75067.0,Home,793-596-6729
90,90,75001.0,Home,920-954-7865
91,91,75004.0,Home,996-463-7162
92,92,75047.0,Home,685-563-0088
93,93,75034.0,Home,335-464-4346
94,94,75057.0,Home,289-490-2307
95,95,75055.0,Home,438-145-4987
96,96,,Home,299-709-3929
97,97,75093.0,Home,322-529-5730
98,98,75033.0,Home,554-908-6180
99,99,,Home,298-978-5587
100,100,75013.0,Home,518-928-2083
101,101,75086.0,Home,467-169-7052
102,102,75097.0,Home,601-151-6193
103,103,75094.0,Home,415-761-2375
104,104,75072.0,Home,932-478-6742
105,105,75014.0,Home,612-751-9073
106,106,,Home,738-834-4899
107,107,75061.0,Home,518-553-9464
108,108,,Home,215-217-7070
109,109,75003.0,Home,817-774-4659
110,110,75003.0,Home,985-795-6001
111,111,75072.0,Home,280-593-0508
112,112,,Home,634-832-4961
113,113,,Home,671-420-1296
114,114,,Home,743-968-9698
115,115,,Home,850-168-3428
116,116,,Home,685-794-3792
117,117,75056.0,Home,626-230-5244
118,118,75031.0,Home,189-946-4134
119,119,75088.0,Home,499-521-3027
120,120,75085.0,Home,525-786-1129
121,121,75028.0,Home,162-591-7297
122,122,,Home,734-943-5823
123,123,,Home,927-269-5557
124,124,75097.0,Home,560-540-7010
125,125,,Home,368-393-8119
126,126,75098.0,Home,819-216-7409
127,127,75005.0,Home,510-507-2668
128,128,75007.0,Home,417-939-5637
129,129,75049.0,Home,689-724-6341
130,130,75064.0,Home,659-300-9914
131,131,75004.0,Home,485-509-8914
132,132,75027.0,Home,205-273-2823
133,133,75063.0,Home,739-726-5173
134,134,,Home,561-758-3885
135,135,,Home,780-319-6348
136,136,75052.0,Home,665-863-3496
137,137,75044.0,Home,101-658-4163
138,138,75094.0,Home,965-369-3080
139,139,75068.0,Home,630-176-1993
140,140,75098.0,Home,126-191-0637
141,141,75026.0,Home,399-410-3150
142,142,75044.0,Home,400-632-7435
143,143,,Home,402-749-4109
144,144,,Home,623-440-3069
145,145,75097.0,Home,680-996-8963
146,146,75005.0,Home,741-405-2893
147,147,75033.0,Home,189-144-5588
148,148,75071.0,Home,907-464-2719
149,149,,Home,889-791-3642
150,150,,Home,874-633-0543
151,151,75012.0,Home,277-234-5144
152,152,75085.0,Home,769-583-9706
153,153,75049.0,Home,338-545-2457
154,154,,Home,963-970-8330
155,155,75052.0,Home,259-209-3551
156,156,75003.0,Home,160-914-8157
157,157,75091.0,Home,588-860-2305
158,158,,Home,609-339-6336
159,159,75018.0,Home,219-803-4889
160,160,75043.0,Home,668-695-7537
161,161,,Home,788-965-0073
162,162,75010.0,Home,322-212-6474
163,163,75056.0,Home,681-758-5432
164,164,75054.0,Home,737-458-3193
165,165,75038.0,Home,605-413-5142
166,166,75040.0,Home,913-227-5857
167,167,,Home,207-356-3286
168,168,,Home,726-561-0259
169,169,,Home,729-528-9115
170,170,75055.0,Home,809-251-6239
171,171,,Home,350-841-0515
172,172,75001.0,Home,991-300-9095
173,173,75018.0,Home,945-688-3394
174,174,75069.0,Home,575-837-2710
175,175,,Home,836-247-5742
176,176,75025.0,Home,260-445-9289
177,177,75082.0,Home,991-681-1755
178,178,,Home,530-615-9871
179,179,75001.0,Home,928-280-1718
180,180,75064.0,Home,739-370-4832
181,181,75081.0,Home,288-380-7105
182,182,,Home,882-224-4712
183,183,,Home,141-927-3011
184,184,75095.0,Home,206-601-7607
185,185,,Home,
186,186,75061.0,Home,733-271-6746
187,187,75064.0,Home,294-234-8775
188,188,75080.0,Home,658-428-6437
189,189,75091.0,Home,666-116-3670
190,190,,Home,710-160-0835
191,191,75013.0,Home,155-927-4964
192,192,75058.0,Home,467-144-6719
193,193,75018.0,Home,307-434-2713
194,194,75027.0,Home,119-187-2885
195,195,75085.0,Home,739-246-0573
196,196,,Home,421-829-5450
197,197,75062.0,Home,334-595-0964
198,198,75098.0,Home,542-380-6173
199,199,75083.0,Home,860-312-4413
200,200,75032.0,Home,975-952-1919
201,201,,Home,890-454-6783
202,202,75014.0,Home,676-107-4163
203,203,,Home,589-241-6333
204,204,75019.0,Home,455-443-4902
205,205,,Home,877-939-3738
206,206,75004.0,Home,753-171-5682
207,207,75061.0,Home,356-576-5645
208,208,,Home,786-731-7679
209,209,75045.0,Home,513-711-1607
210,210,75048.0,Home,657-297-0002
211,211,,Home,842-685-8134
212,212,,Home,572-785-8740
213,213,75087.0,Home,789-670-9179
214,214,75026.0,Home,954-560-0159
215,215,75015.0,Home,111-927-8581
216,216,75077.0,Home,
217,217,75060.0,Home,237-677-8793
218,218,75012.0,Home,943-829-3863
219,219,75061.0,Home,346-897-2782
220,220,75082.0,Home,807-509-2962
221,221,,Home,537-449-9605
222,222,,Home,815-680-8501
223,223,,Home,885-336-0223
224,224,75052.0,Home,279-915-7881
225,225,75032.0,Home,874-561-1064
226,226,75045.0,Home,678-756-8685
227,227,75046.0,Home,630-405-4842
228,228,,Home,333-696-7735
229,229,,Home,707-137-5452
230,230,75003.0,Home,996-239-6282
231,231,75023.0,Home,885-591-7975
232,232,75097.0,Home,419-189-5639
233,233,,Home,970-819-3933
234,234,75070.0,Home,122-939-1039
235,235,75025.0,Home,381-747-2286
236,236,75023.0,Home,584-484-5052
237,237,,Home,692-668-4655
238,238,75051.0,Home,530-939-4107
239,239,,Home,159-352-8021
240,240,75052.0,Home,131-454-9471
241,241,,Home,883-698-2435
242,242,75030.0,Home,223-145-1656
243,243,75046.0,Home,999-916-5458
244,244,75089.0,Home,226-203-9541
245,245,,Home,728-170-8971
246,246,75026.0,Home,510-441-3400
247,247,,Home,704-231-1831
248,248,,Home,927-393-3874
249,249,75040.0,Home,911-980-1743
250,250,75063.0,Home,777-692-0874
251,251,75065.0,Home,652-464-2372
252,252,75014.0,Home,315-345-3420
253,253,75012.0,Home,358-481-9889
254,254,75095.0,Home,842-207-9733
255,255,,Home,864-714-1199
256,256,,Home,162-326-8857
257,257,75073.0,Home,476-246-1194
258,258,,Home,
259,259,,Home,741-804-6153
260,260,75010.0,Home,283-519-9469
261,261,,Home,945-878-4565
262,262,75083.0,Home,246-174-7624
263,263,,Home,790-858-7895
264,264,75038.0,Home,538-789-7767
265,265,,Home,
266,266,,Home,245-116-9013
267,267,75019.0,Home,337-365-4743
268,268,75081.0,Home,772-450-3153
269,269,75006.0,Home,682-336-4639
270,270,75084.0,Home,586-386-6331
271,271,,Home,321-560-5572
272,272,75066.0,Home,764-228-2895
273,273,75008.0,Home,547-651-5152
274,274,,Home,111-793-8014
275,275,75092.0,Home,895-547-1737
276,276,75029.0,Home,184-223-7933
277,277,75015.0,Home,760-300-2633
278,278,75028.0,Home,901-126-9300
279,279,75071.0,Home,652-311-2308
280,280,75015.0,Home,365-532-8461
281,281,75083.0,Home,519-708-3846
282,282,,Home,106-456-2187
283,283,75031.0,Home,752-383-6580
284,284,75001.0,Home,
285,285,75055.0,Home,773-473-4110
286,286,75027.0,Home,538-587-2812
287,287,75050.0,Home,700-525-5413
288,288,75090.0,Home,260-897-3964
289,289,75090.0,Home,433-532-3375
290,290,75003.0,Home,901-256-3152
291,291,,Home,138-663-4933
292,292,75047.0,Home,
293,293,,Home,739-816-0099
294,294,,Home,953-634-4168
295,295,75040.0,Home,921-335-4238
296,296,,Home,582-587-1230
297,297,75070.0,Home,
298,298,,Home,732-280-5706
299,299,75021.0,Home,653-199-8225
300,300,75097.0,Home,846-766-7200
301,301,,Home,896-317-8751
302,302,,Home,154-328-0392
303,303,75035.0,Home,119-729-4765
304,304,75030.0,Home,840-147-0576
305,305,,Home,113-241-1349
306,306,75074.0,Home,178-700-0270
307,307,75075.0,Home,375-407-0598
308,308,,Home,573-758-2931
309,309,,Home,788-262-8232
310,310,,Home,525-859-0181
311,311,75029.0,Home,104-832-7245
312,312,75010.0,Home,699-189-6305
313,313,75027.0,Home,417-811-4669
314,314,,Home,841-660-4138
315,315,75082.0,Home,246-314-6200
316,316,,Home,765-819-3904
317,317,,Home,474-102-5611
318,318,75042.0,Home,814-327-8268
319,319,,Home,271-620-3459
320,320,,Home,450-835-5005
321,321,75046.0,Home,760-889-6313
322,322,,Home,778-705-5374
323,323,75076.0,Home,958-856-0549
324,324,,Home,160-418-9351
325,325,75025.0,Home,733-536-4162
326,326,75042.0,Home,472-676-4057
327,327,75051.0,Home,409-417-0486
328,328,75005.0,Home,307-710-4260
329,329,,Home,764-688-7211
330,330,75061.0,Home,848-331-1605
331,331,75063.0,Home,149-358-4766
332,332,75076.0,Home,246-709-2158
333,333,75016.0,Home,771-692-8893
334,334,75048.0,Home,132-906-7999
335,335,75048.0,Home,885-579-2681
336,336,75041.0,Home,161-223-5730
337,337,75008.0,Home,599-700-6909
338,338,,Home,
339,339,75015.0,Home,635-593-9994
340,340,75021.0,Home,954-704-6957
341,341,,Home,538-136-8119
342,342,,Home,933-245-1342
343,343,,Home,318-945-1954
344,344,,Home,742-597-4893
345,345,75054.0,Home,928-252-8876
346,346,,Home,384-325-2018
347,347,75043.0,Home,289-546-6050
348,348,75009.0,Home,669-658-9712
349,349,,Home,716-616-9811
350,350,75034.0,Home,226-607-7620
351,351,75003.0,Home,568-437-8548
352,352,75048.0,Home,471-483-0862
353,353,75031.0,Home,162-579-5330
354,354,,Home,733-556-6269
355,355,75076.0,Home,833-658-0432
356,356,75085.0,Home,470-788-5580
357,357,75045.0,Home,618-361-8546
358,358,75035.0,Home,932-912-9931
359,359,,Home,596-502-0473
360,360,75031.0,Home,864-376-6906
361,361,75086.0,Home,797-503-8595
362,362,75061.0,Home,403-213-9920
363,363,75060.0,Home,780-333-1752
364,364,75004.0,Home,857-353-9811
365,365,,Home,929-204-2594
366,366,75010.0,Home,402-523-1467
367,367,75091.0,Home,301-167-5280
368,368,75089.0,Home,716-962-9064
369,369,75040.0,Home,654-969-1212
370,370,75073.0,Home,317-229-1546
371,371,75020.0,Home,489-298-2101
372,372,75077.0,Home,496-842-3379
373,373,75033.0,Home,307-231-2915
374,374,75025.0,Home,601-142-2316
375,375,75050.0,Home,801-567-5147
376,376,75066.0,Home,361-713-1548
377,377,75032.0,Home,791-318-8485
378,378,75092.0,Home,517-774-9742
379,379,75004.0,Home,917-581-1409
380,380,75009.0,Home,975-592-3460
381,381,75091.0,Home,916-497-8573
382,382,75057.0,Home,418-679-8335
383,383,75033.0,Home,876-831-4057
384,384,75049.0,Home,948-770-0844
385,385,75003.0,Home,308-669-7144
386,386,75017.0,Home,577-509-8589
387,387,75046.0,Home,610-520-1894
388,388,75087.0,Home,270-500-4689
389,389,75018.0,Home,247-136-6714
390,390,,Home,212-973-3833
391,391,75093.0,Home,690-629-8142
392,392,,Home,963-162-6782
393,393,,Home,429-480-2032
394,394,75003.0,Home,833-420-8697
395,395,75088.0,Home,970-795-8180
396,396,,Home,890-165-7394
397,397,75084.0,Home,879-639-3102
398,398,,Home,453-676-5952
399,399,75035.0,Home,301-780-8939
400,400,75003.0,Home,
401,401,75019.0,Home,819-492-5695
402,402,75089.0,Home,176-314-4811
403,403,75034.0,Home,346-501-9702
404,404,,Home,
405,405,,Home,551-497-8817
406,406,75085.0,Home,379-446-5516
407,407,75034.0,Home,
408,408,75037.0,Home,122-772-1670
409,409,75037.0,Home,931-380-6036
410,410,75095.0,Home,407-944-3765
411,411,75068.0,Home,482-696-8869
412,412,75003.0,Home,488-713-4507
413,413,,Home,407-607-9732
414,414,75001.0,Home,895-876-0800
415,415,,Home,672-198-3035
416,416,75036.0,Home,706-806-9461
417,417,,Home,374-441-7592
418,418,75012.0,Home,615-660-2876
419,419,75077.0,Home,664-565-4203
420,420,75038.0,Home,455-220-3403
421,421,75024.0,Home,897-443-3157
422,422,75086.0,Home,243-870-9923
423,423,75001.0,Home,
424,424,,Home,392-581-2335
425,425,,Home,989-833-6141
426,426,,Home,737-408-4838
427,427,75054.0,Home,789-513-4253
428,428,,Home,777-238-3165
429,429,,Home,762-682-2323
430,430,,Home,131-639-1104
431,431,75004.0,Home,832-750-2254
432,432,75011.0,Home,795-888-6145
433,433,,Home,231-592-2682
434,434,75096.0,Home,693-126-2725
435,435,75069.0,Home,197-372-8782
436,436,,Home,928-902-2194
437,437,75024.0,Home,493-474-6204
438,438,,Home,185-738-4858
439,439,,Home,788-839-4995
440,440,,Home,290-239-4431
441,441,75091.0,Home,681-884-9486
442,442,,Home,451-576-9876
443,443,75042.0,Home,367-653-7536
444,444,75098.0,Home,623-129-3133
445,445,75098.0,Home,560-910-4461
446,446,75039.0,Home,537-563-3945
447,447,75090.0,Home,731-927-9782
448,448,,Home,711-728-1673
449,449,75058.0,Home,712-191-9859
450,450,75004.0,Home,985-835-1578
451,451,75013.0,Home,243-475-8168
452,452,75061.0,Home,774-896-0810
453,453,75004.0,Home,766-603-1114
454,454,,Home,577-152-7587
455,455,75005.0,Home,168-600-1777
456,456,75060.0,Home,975-887-0855
457,457,75005.0,Home,
458,458,,Home,532-293-4334
459,459,75097.0,Home,306-893-4925
460,460,,Home,319-242-9453
461,461,,Home,133-848-9230
462,462,,Home,143-268-5227
463,463,75039.0,Home,904-488-3281
464,464,75082.0,Home,972-732-8421
465,465,75044.0,Home,884-502-5285
466,466,75093.0,Home,422-640-9616
467,467,75011.0,Home,340-749-6640
468,468,,Home,913-260-5908
469,469,75011.0,Home,146-161-0751
470,470,,Home,720-670-6376
471,471,,Home,385-172-2304
472,472,75023.0,Home,969-108-3880
473,473,75003.0,Home,178-497-6381
474,474,,Home,125-302-8196
475,475,75038.0,Home,804-532-6828
476,476,,Home,531-212-5264
477,477,75079.0,Home,
478,478,75071.0,Home,649-281-1047
479,479,75002.0,Home,962-482-1935
480,480,75083.0,Home,503-252-7641
481,481,,Home,
482,482,,Home,364-450-9367
483,483,,Home,226-268-4925
484,484,75005.0,Home,290-907-7947
485,485,75077.0,Home,412-462-6473
486,486,75061.0,Home,712-821-7924
487,487,75017.0,Home,191-116-3345
488,488,75020.0,Home,995-568-9111
489,489,75065.0,Home,882-870-4125
490,490,75088.0,Home,544-499-8217
491,491,75054.0,Home,249-736-5705
492,492,,Home,426-371-4648
493,493,75092.0,Home,741-629-5167
494,494,75063.0,Home,412-898-1462
495,495,75017.0,Home,623-397-6741
496,496,,Home,
497,497,75090.0,Home,356-575-5406
498,498,75057.0,Home,628-451-7727
499,499,,Home,541-954-8647
500,500,75039.0,Home,982-103-7006
501,501,75085.0,Home,554-363-3910
502,502,,Home,465-408-7447
503,503,,Home,819-693-7538
504,504,75054.0,Home,
505,505,,Home,169-800-2074
506,506,75021.0,Home,400-217-6129
507,507,75092.0,Home,222-174-1536
508,508,75041.0,Home,323-761-6593
509,509,,Home,377-143-2037
510,510,,Home,725-458-2600
511,511,75080.0,Home,949-602-5775
512,512,75047.0,Home,444-778-0071
513,513,75022.0,Home,307-403-5816
514,514,75080.0,Home,635-815-2497
515,515,75049.0,Home,781-256-5626
516,516,75043.0,Home,100-440-4512
517,517,,Home,509-929-8692
518,518,,Home,
519,519,75047.0,Home,770-873-8706
520,520,75071.0,Home,496-320-8616
521,521,,Home,615-435-9965
522,522,75065.0,Home,189-377-0787
523,523,75018.0,Home,966-964-0179
524,524,75032.0,Home,280-859-4236
525,525,75050.0,Home,995-904-0328
526,526,75052.0,Home,666-522-2333
527,527,75010.0,Home,143-178-7457
528,528,,Home,228-614-3022
529,529,,Home,846-411-1941
530,530,,Home,411-930-8847
531,531,,Home,833-330-1202
532,532,75089.0,Home,257-399-6959
533,533,75087.0,Home,834-528-4867
534,534,75006.0,Home,268-910-1288
535,535,75001.0,Home,690-106-0283
536,536,75079.0,Home,773-429-6976
537,537,,Home,379-426-6392
538,538,,Home,361-290-8534
539,539,75091.0,Home,240-249-6997
540,540,75081.0,Home,166-200-7628
541,541,,Home,836-478-4999
542,542,75093.0,Home,820-350-1800
543,543,75087.0,Home,612-978-5732
544,544,75040.0,Home,701-167-1893
545,545,75052.0,Home,282-640-1972
546,546,75079.0,Home,643-498-4183
547,547,75059.0,Home,419-754-2728
548,548,,Home,617-202-0077
549,549,,Home,487-626-5314
550,550,,Home,291-698-6261
551,551,75006.0,Home,820-802-6458
552,552,,Home,437-908-2846
553,553,,Home,229-671-5474
554,554,75079.0,Home,577-580-4053
555,555,,Home,822-393-0078
556,556,75071.0,Home,843-451-1791
557,557,75078.0,Home,889-261-1340
558,558,,Home,983-241-7115
559,559,,Home,827-681-0172
560,560,75061.0,Home,305-655-7088
561,561,75095.0,Home,144-914-0254
562,562,,Home,781-632-9220
563,563,75025.0,Home,733-214-8237
564,564,,Home,197-249-1733
565,565,75094.0,Home,198-524-8591
566,566,,Home,
567,567,,Home,815-780-0862
568,568,75016.0,Home,967-319-8287
569,569,75026.0,Home,420-714-2964
570,570,75025.0,Home,610-499-9732
571,571,75062.0,Home,867-953-2674
572,572,,Home,193-918-3861
573,573,75032.0,Home,314-746-1446
574,574,75091.0,Home,506-611-4114
575,575,,Home,581-371-1114
576,576,75013.0,Home,992-563-5331
577,577,75043.0,Home,894-651-4980
578,578,,Home,616-843-8555
579,579,75091.0,Home,918-789-2332
580,580,75021.0,Home,168-703-7031
581,581,75062.0,Home,943-883-6641
582,582,75034.0,Home,949-219-9822
583,583,75029.0,Home,711-262-8273
584,584,,Home,558-703-4938
585,585,75091.0,Home,540-389-9303
586,586,75092.0,Home,185-841-2524
587,587,75008.0,Home,824-465-2005
588,588,75028.0,Home,955-330-9591
589,589,,Home,182-512-8309
590,590,,Home,762-150-2499
591,591,75017.0,Home,799-945-6690
592,592,75047.0,Home,962-992-2250
593,593,,Home,849-383-8591
594,594,75051.0,Home,606-637-5623
595,595,,Home,211-290-6618
596,596,75095.0,Home,102-896-6692
597,597,,Home,811-394-2997
598,598,75070.0,Home,398-137-0658
599,599,75082.0,Home,738-290-4244
600,600,75024.0,Home,675-560-3320
601,601,75003.0,Home,768-844-0424
602,602,75032.0,Home,678-941-4232
603,603,75094.0,Home,293-218-7670
604,604,75004.0,Home,275-786-1915
605,605,75036.0,Home,214-103-3750
606,606,75051.0,Home,617-988-8180
607,607,75014.0,Home,338-584-1868
608,608,75078.0,Home,365-102-8995
609,609,75019.0,Home,795-349-4693
610,610,75098.0,Home,618-986-1477
611,611,75077.0,Home,950-675-7647
612,612,,Home,541-794-4309
613,613,75009.0,Home,872-117-4352
614,614,75021.0,Home,191-593-8795
615,615,75050.0,Home,730-116-1243
616,616,75071.0,Home,797-128-7381
617,617,75082.0,Home,539-695-6956
618,618,75096.0,Home,274-215-8958
619,619,75037.0,Home,237-313-0579
620,620,75076.0,Home,788-362-9821
621,621,,Home,991-348-5899
622,622,75075.0,Home,521-341-2069
623,623,75051.0,Home,770-647-3761
624,624,,Home,442-129-3594
625,625,75091.0,Home,943-657-4652
626,626,75093.0,Home,590-566-3682
627,627,75048.0,Home,520-985-7906
628,628,,Home,807-466-1622
629,629,,Home,443-124-4418
630,630,,Home,450-863-9437
631,631,75021.0,Home,695-564-0734
632,632,75032.0,Home,866-109-3257
633,633,75027.0,Home,405-804-2708
634,634,75084.0,Home,544-581-7584
635,635,,Home,737-348-1304
636,636,,Home,450-584-1311
637,637,75044.0,Home,389-649-1101
638,638,,Home,457-991-3698
639,639,75036.0,Home,918-849-6310
640,640,,Home,808-184-1996
641,641,75072.0,Home,453-651-2782
642,642,75019.0,Home,699-705-3475
643,643,75023.0,Home,685-893-7026
644,644,75069.0,Home,224-524-2233
645,645,75083.0,Home,577-689-5045
646,646,75045.0,Home,573-844-2927
647,647,,Home,426-347-4674
648,648,,Home,805-729-1391
649,649,75029.0,Home,549-871-4053
650,650,75012.0,Home,524-406-2881
651,651,75021.0,Home,143-406-7688
652,652,75096.0,Home,926-457-7170
653,653,75093.0,Home,680-770-8684
654,654,75066.0,Home,689-102-5464
655,655,,Home,
656,656,,Home,313-365-1151
657,657,75062.0,Home,934-193-4966
658,658,75056.0,Home,198-664-5457
659,659,75094.0,Home,888-577-4006
660,660,75039.0,Home,794-835-3721
661,661,,Home,653-649-4641
662,662,75036.0,Home,523-432-5820
663,663,,Home,645-280-3041
664,664,75087.0,Home,435-538-1508
665,665,75039.0,Home,954-437-2927
666,666,,Home,785-108-8544
667,667,75087.0,Home,101-749-1722
668,668,,Home,561-432-2555
669,669,,Home,673-462-7333
670,670,75007.0,Home,193-253-0563
671,671,75044.0,Home,618-293-4632
672,672,75020.0,Home,556-259-0832
673,673,,Home,781-768-0396
674,674,75043.0,Home,447-381-5940
675,675,75052.0,Home,163-751-8660
676,676,,Home,684-808-7643
677,677,75068.0,Home,160-581-9197
678,678,75057.0,Home,
679,679,75080.0,Home,562-432-5661
680,680,,Home,757-425-1137
681,681,,Home,274-910-5493
682,682,75011.0,Home,317-371-5353
683,683,75011.0,Home,
684,684,,Home,264-835-9479
685,685,75081.0,Home,890-909-3556
686,686,,Home,239-186-1659
687,687,,Home,341-209-4793
688,688,75014.0,Home,162-671-9486
689,689,75057.0,Home,497-485-7292
690,690,,Home,
691,691,75007.0,Home,337-757-3696
692,692,75088.0,Home,339-607-5392
693,693,75055.0,Home,126-960-8267
694,694,75011.0,Home,809-583-0617
695,695,75097.0,Home,870-269-9664
696,696,75023.0,Home,237-158-0791
697,697,75033.0,Home,229-141-3801
698,698,75035.0,Home,839-794-3611
699,699,75049.0,Home,349-430-5535
700,700,,Home,892-606-6875
701,701,75043.0,Home,
702,702,,Home,628-471-7410
703,703,75064.0,Home,245-865-9040
704,704,75082.0,Home,561-504-5497
705,705,75022.0,Home,676-298-1608
706,706,75045.0,Home,994-903-1104
707,707,75085.0,Home,700-722-7992
708,708,75040.0,Home,240-698-4944
709,709,75085.0,Home,454-212-6861
710,710,75034.0,Home,707-822-5697
711,711,,Home,560-301-6536
712,712,75015.0,Home,278-450-9238
713,713,75038.0,Home,426-933-5180
714,714,75012.0,Home,331-672-2921
715,715,75021.0,Home,384-866-2152
716,716,75044.0,Home,893-921-2595
717,717,75004.0,Home,635-914-0041
718,718,75016.0,Home,438-600-3714
719,719,75090.0,Home,383-613-1514
720,720,75076.0,Home,416-209-2963
721,721,,Home,
722,722,75069.0,Home,654-821-9595
723,723,75024.0,Home,435-665-2796
724,724,,Home,850-527-5802
725,725,,Home,571-782-3790
726,726,75035.0,Home,570-123-4717
727,727,75068.0,Home,129-995-6104
728,728,75003.0,Home,163-119-9054
729,729,75025.0,Home,
730,730,75066.0,Home,942-322-0366
731,731,75038.0,Home,446-663-3234
732,732,75050.0,Home,407-294-3291
733,733,75077.0,Home,412-873-1963
734,734,75034.0,Home,198-353-0171
735,735,75057.0,Home,566-144-1490
736,736,75032.0,Home,710-227-8087
737,737,75050.0,Home,666-637-2262
738,738,75063.0,Home,677-638-4228
739,739,,Home,117-747-9474
740,740,75056.0,Home,657-129-7689
741,741,,Home,846-880-9400
742,742,,Home,594-797-7349
743,743,,Home,488-358-8606
744,744,75052.0,Home,893-958-0205
745,745,,Home,477-280-6150
746,746,75065.0,Home,144-684-9231
747,747,75025.0,Home,155-859-2860
748,748,75082.0,Home,411-462-2089
749,749,75076.0,Home,367-914-9091
750,750,,Home,739-981-9312
751,751,,Home,527-673-8144
752,752,75043.0,Home,871-873-4280
753,753,75081.0,Home,925-942-3489
754,754,75008.0,Home,202-862-7214
755,755,75037.0,Home,790-311-3319
756,756,75014.0,Home,164-195-2433
757,757,75005.0,Home,715-368-2670
758,758,,Home,703-430-0243
759,759,75094.0,Home,435-980-5496
760,760,75076.0,Home,175-885-5598
761,761,,Home,
762,762,75029.0,Home,245-280-5114
763,763,75076.0,Home,193-469-6202
764,764,75069.0,Home,354-528-6045
765,765,75062.0,Home,984-498-4524
766,766,,Home,179-878-9463
767,767,,Home,515-908-3850
768,768,,Home,226-829-9439
769,769,75046.0,Home,582-188-7155
770,770,75028.0,Home,354-502-9009
771,771,75080.0,Home,232-954-2721
772,772,,Home,475-759-8362
773,773,75086.0,Home,495-717-8160
774,774,75054.0,Home,236-882-1672
775,775,75080.0,Home,675-770-6272
776,776,,Home,677-287-5171
777,777,75010.0,Home,658-234-4773
778,778,75038.0,Home,771-868-0578
779,779,,Home,958-420-4603
780,780,,Home,
781,781,,Home,736-364-7316
782,782,,Home,273-211-9574
783,783,75021.0,Home,158-452-0388
784,784,75088.0,Home,647-133-1410
785,785,,Home,612-975-2427
786,786,,Home,764-413-6459
787,787,75074.0,Home,269-173-4766
788,788,75009.0,Home,939-231-3713
789,789,75093.0,Home,577-976-2774
790,790,75064.0,Home,584-724-4248
791,791,,Home,553-604-9124
792,792,75044.0,Home,718-132-7090
793,793,75026.0,Home,124-216-7599
794,794,75065.0,Home,323-360-8000
795,795,75035.0,Home,205-769-5463
796,796,75039.0,Home,581-392-0541
797,797,,Home,424-455-7802
798,798,75040.0,Home,679-119-6948
799,799,75013.0,Home,765-800-5698
800,800,75099.0,Home,463-902-4296
801,801,75057.0,Home,152-159-2780
802,802,,Home,900-564-1292
803,803,75012.0,Home,367-493-3539
804,804,75014.0,Home,714-232-1586
805,805,,Home,426-330-7105
806,806,75046.0,Home,540-200-3639
807,807,75066.0,Home,
808,808,75043.0,Home,247-864-8753
809,809,75021.0,Home,737-232-4132
810,810,75009.0,Home,776-832-5177
811,811,75032.0,Home,182-733-9114
812,812,75064.0,Home,431-449-3115
813,813,75011.0,Home,944-558-2647
814,814,,Home,722-606-1802
815,815,75069.0,Home,283-889-0953
816,816,75060.0,Home,622-752-0843
817,817,75034.0,Home,845-171-0555
818,818,75007.0,Home,879-419-6928
819,819,75023.0,Home,294-257-3187
820,820,,Home,850-113-0655
821,821,75050.0,Home,444-854-0708
822,822,75014.0,Home,590-444-7984
823,823,,Home,407-262-6721
824,824,75070.0,Home,834-537-0203
825,825,75050.0,Home,258-890-1612
826,826,75075.0,Home,636-442-5293
827,827,75052.0,Home,343-451-6744
828,828,75052.0,Home,771-969-9250
829,829,75006.0,Home,174-294-1074
830,830,75086.0,Home,270-380-7807
831,831,75033.0,Home,
832,832,,Home,406-805-5023
833,833,75040.0,Home,269-427-3689
834,834,75030.0,Home,633-496-2564
835,835,,Home,343-943-3323
836,836,75044.0,Home,201-541-9001
837,837,75038.0,Home,962-703-9002
838,838,75020.0,Home,215-180-4077
839,839,75098.0,Home,900-162-0415
840,840,75029.0,Home,233-835-0822
841,841,75099.0,Home,959-996-4686
842,842,,Home,717-877-3925
843,843,75065.0,Home,617-186-5787
844,844,,Home,283-755-7709
845,845,75065.0,Home,414-111-9268
846,846,,Home,127-211-9811
847,847,75022.0,Home,836-212-6365
848,848,75063.0,Home,831-799-3385
849,849,75032.0,Home,592-373-9842
850,850,75093.0,Home,371-699-7087
851,851,,Home,712-748-3983
852,852,,Home,253-819-0347
853,853,75017.0,Home,893-991-4691
854,854,75001.0,Home,592-773-8920
855,855,75052.0,Home,773-970-7769
856,856,,Home,562-151-7702
857,857,,Home,475-516-0015
858,858,,Home,732-607-9193
859,859,75049.0,Home,908-946-5348
860,860,75066.0,Home,
861,861,75060.0,Home,869-605-8648
862,862,75032.0,Home,566-451-9884
863,863,75059.0,Home,562-697-0174
864,864,75096.0,Home,
865,865,75019.0,Home,611-207-0976
866,866,75065.0,Home,753-922-1251
867,867,,Home,156-990-4734
868,868,75083.0,Home,572-872-6675
869,869,75004.0,Home,785-171-6879
870,870,,Home,131-317-1518
871,871,75024.0,Home,485-304-0029
872,872,75084.0,Home,200-526-2666
873,873,75064.0,Home,799-585-8288
874,874,,Home,446-417-1884
875,875,75061.0,Home,318-407-3334
876,876,,Home,964-726-2215
877,877,75008.0,Home,972-937-5922
878,878,75003.0,Home,699-896-4652
879,879,75038.0,Home,774-736-3169
880,880,,Home,626-288-0290
881,881,,Home,471-399-3025
882,882,75053.0,Home,968-208-2262
883,883,75021.0,Home,146-826-1049
884,884,75022.0,Home,360-954-0551
885,885,,Home,139-777-1175
886,886,75038.0,Home,740-650-7982
887,887,,Home,762-365-7049
888,888,75019.0,Home,521-860-4447
889,889,75022.0,Home,336-449-9484
890,890,75061.0,Home,267-928-7637
891,891,75010.0,Home,704-448-5776
892,892,75056.0,Home,108-422-0748
893,893,75065.0,Home,304-621-4618
894,894,75057.0,Home,465-885-9521
895,895,75064.0,Home,586-522-6792
896,896,75013.0,Home,695-464-1164
897,897,,Home,705-151-4680
898,898,,Home,786-663-1035
899,899,75059.0,Home,925-150-5049
900,900,75070.0,Home,336-531-2531
901,901,75052.0,Home,433-829-3574
902,902,75069.0,Home,135-569-2811
903,903,75032.0,Home,590-725-6958
904,904,75080.0,Home,856-398-0578
905,905,75076.0,Home,405-294-0354
906,906,75016.0,Home,365-921-2424
907,907,75090.0,Home,704-701-5716
908,908,,Home,903-538-4006
909,909,75088.0,Home,193-769-0070
910,910,,Home,447-261-2908
911,911,75064.0,Home,532-690-2012
912,912,,Home,662-288-1945
913,913,75083.0,Home,519-805-8817
914,914,75085.0,Home,278-628-1248
915,915,,Home,963-964-6693
916,916,75087.0,Home,548-444-1321
917,917,75045.0,Home,927-420-0428
918,918,,Home,610-298-9312
919,919,75009.0,Home,177-625-0466
920,920,,Home,381-838-3680
921,921,75006.0,Home,306-302-4597
922,922,75086.0,Home,583-175-7708
923,923,75086.0,Home,388-596-7894
924,924,75054.0,Home,832-816-9702
925,925,75037.0,Home,476-548-1102
926,926,,Home,425-610-4193
927,927,75009.0,Home,968-538-6158
928,928,75018.0,Home,962-673-5830
929,929,,Home,950-929-7243
930,930,75089.0,Home,362-811-5120
931,931,,Home,683-843-9184
932,932,75033.0,Home,369-495-7039
933,933,,Home,704-135-3954
934,934,,Home,762-894-9374
935,935,75075.0,Home,714-165-8456
936,936,,Home,248-295-1132
937,937,75093.0,Home,716-968-6727
938,938,75026.0,Home,332-909-8747
939,939,75094.0,Home,638-754-6103
940,940,75049.0,Home,133-539-9549
941,941,,Home,
942,942,75064.0,Home,316-722-4796
943,943,75082.0,Home,342-499-4819
944,944,,Home,247-852-4696
945,945,75010.0,Home,158-479-8009
946,946,75067.0,Home,221-613-6514
947,947,75020.0,Home,738-414-8729
948,948,75005.0,Home,501-963-7323
949,949,75018.0,Home,160-194-2393
950,950,75073.0,Home,
951,951,,Home,650-372-6354
952,952,75055.0,Home,830-430-3997
953,953,75092.0,Home,695-426-5891
954,954,75033.0,Home,254-431-8674
955,955,75077.0,Home,449-656-2670
956,956,75074.0,Home,775-849-0874
957,957,75087.0,Home,450-490-8847
958,958,,Home,802-791-8423
959,959,,Home,634-358-4269
960,960,75086.0,Home,310-561-3883
961,961,75006.0,Home,188-364-4360
962,962,75008.0,Home,473-801-5006
963,963,75069.0,Home,982-989-8369
964,964,75032.0,Home,135-857-3539
965,965,,Home,357-246-4169
966,966,,Home,618-850-7109
967,967,75073.0,Home,307-695-3290
968,968,75024.0,Home,751-314-1091
969,969,75035.0,Home,522-532-7632
970,970,75047.0,Home,430-408-0373
971,971,75074.0,Home,350-773-0890
972,972,75033.0,Home,805-597-6743
973,973,75083.0,Home,338-961-3558
974,974,75087.0,Home,501-940-1523
975,975,75036.0,Home,684-423-9257
976,976,75049.0,Home,213-779-9815
977,977,,Home,814-757-2525
978,978,75085.0,Home,722-225-7767
979,979,75001.0,Home,727-717-8575
980,980,,Home,603-661-8661
981,981,75079.0,Home,584-623-3883
982,982,75098.0,Home,133-729-1440
983,983,75001.0,Home,404-917-0949
984,984,,Home,559-290-1726
985,985,75099.0,Home,882-789-1124
986,986,,Home,643-101-9733
987,987,75017.0,Home,713-594-7295
988,988,75077.0,Home,984-335-4433
989,989,75029.0,Home,916-995-4675
990,990,75062.0,Home,125-555-5586
991,991,,Home,315-727-4644
992,992,75003.0,Home,630-956-5252
993,993,75014.0,Home,871-510-0110
994,994,,Home,281-491-8104
995,995,75006.0,Home,499-711-1417
996,996,75089.0,Home,511-907-3315
997,997,75060.0,Home,273-728-1271
998,998,,Home,220-911-1306
999,999,75079.0,Home,470-418-2608
1000,1000,75037.0,Home,952-976-4138
1001,1,75003.0,Work,575-780-6421
1002,2,75006.0,Work,526-691-3663
1003,3,,Work,470-347-7202
1004,4,75008.0,Work,
1005,5,75004.0,Work,672-643-5210
1006,6,75009.0,Work,935-221-4565
1007,7,,Work,
1008,8,75005.0,Work,420-902-8960
1009,9,75007.0,Work,536-596-8574
1010,10,,Work,405-746-6553
1011,11,,Work,
1012,12,,Work,974-398-8066
1013,13,75008.0,Work,
1014,14,,Work,
1015,15,,Work,944-146-6149
1016,16,,Work,100-718-3343
1017,17,75001.0,Work,
1018,18,,Work,725-135-7813
1019,19,,Work,373-829-6128
1020,20,75002.0,Work,205-867-7790
1021,21,,Work,136-209-9292
1022,22,75005.0,Work,732-735-8158
1023,23,75004.0,Work,
1024,24,,Work,364-839-7318
1025,25,75001.0,Work,754-815-2133
1026,26,75004.0,Work,
1027,27,75007.0,Work,205-324-5139
1028,28,,Work,742-339-9060
1029,29,,Work,570-895-9983
1030,30,,Work,
1031,31,75007.0,Work,612-222-9943
1032,32,,Work,
1033,33,,Work,555-996-6608
1034,34,75008.0,Work,955-258-7776
1035,35,75003.0,Work,
1036,36,75008.0,Work,844-442-7505
1037,37,,Work,222-834-2561
1038,38,,Work,277-275-7948
1039,39,75005.0,Work,337-587-0981
1040,40,75003.0,Work,147-887-5649
1041,41,75004.0,Work,
1042,42,75001.0,Work,
1043,43,75008.0,Work,346-177-2480
1044,44,,Work,504-702-5753
1045,45,,Work,335-829-3422
1046,46,75005.0,Work,310-276-0552
1047,47,75002.0,Work,619-706-2111
1048,48,,Work,767-102-8784
1049,49,75004.0,Work,
1050,50,75006.0,Work,395-288-3413
1051,51,75003.0,Work,411-205-9343
1052,52,,Work,709-745-0219
1053,53,,Work,575-701-3295
1054,54,,Work,
1055,55,75009.0,Work,749-296-8636
1056,56,75005.0,Work,920-329-4108
1057,57,,Work,
1058,58,75001.0,Work,755-534-1340
1059,59,75004.0,Work,775-391-2049
1060,60,,Work,992-279-8238
1061,61,75006.0,Work,685-481-0480
1062,62,75003.0,Work,
1063,63,,Work,
1064,64,75009.0,Work,834-909-1478
1065,65,75007.0,Work,
1066,66,75003.0,Work,712-204-2142
1067,67,,Work,569-828-2353
1068,68,75002.0,Work,365-927-9690
1069,69,,Work,284-234-0042
1070,70,75003.0,Work,
1071,71,,Work,
1072,72,,Work,
1073,73,75004.0,Work,689-233-6416
1074,74,75009.0,Work,442-144-0201
1075,75,,Work,
1076,76,75007.0,Work,
1077,77,,Work,535-238-8834
1078,78,,Work,146-778-2020
1079,79,,Work,463-183-4657
1080,80,75003.0,Work,741-274-5179
1081,81,,Work,928-679-8594
1082,82,,Work,
1083,83,,Work,
1084,84,75003.0,Work,812-390-3319
1085,85,75002.0,Work,185-191-2451
1086,86,75001.0,Work,996-985-1004
1087,87,75007.0,Work,972-245-7747
1088,88,,Work,712-270-4972
1089,89,75006.0,Work,
1090,90,,Work,
1091,91,75008.0,Work,
1092,92,75002.0,Work,951-307-6360
1093,93,,Work,275-459-6375
1094,94,75005.0,Work,845-667-9320
1095,95,,Work,610-394-0372
1096,96,75008.0,Work,
1097,97,,Work,374-927-8236
1098,98,,Work,497-161-2807
1099,99,75003.0,Work,
1100,100,,Work,446-971-3511
1101,101,75002.0,Work,560-427-8364
1102,102,,Work,
1103,103,,Work,644-697-0806
1104,104,,Work,
1105,105,75005.0,Work,903-723-8230
1106,106,75003.0,Work,575-831-8442
1107,107,75001.0,Work,171-586-9880
1108,108,75008.0,Work,355-563-4878
1109,109,75004.0,Work,665-431-3941
1110,110,75005.0,Work,135-820-4074
1111,111,75002.0,Work,384-566-9537
1112,112,,Work,
1113,113,,Work,126-184-5686
1114,114,,Work,319-215-9511
1115,115,75002.0,Work,425-649-6990
1116,116,75002.0,Work,
1117,117,,Work,
1118,118,,Work,
1119,119,75001.0,Work,456-574-3485
1120,120,75005.0,Work,
1121,121,,Work,
1122,122,,Work,175-896-9475
1123,123,75005.0,Work,660-861-7324
1124,124,,Work,
1125,125,,Work,885-614-2560
1126,126,75002.0,Work,601-464-5787
1127,127,,Work,
1128,128,75008.0,Work,533-739-6596
1129,129,,Work,470-766-4449
1130,130,,Work,878-648-8002
1131,131,,Work,320-144-5636
1132,132,,Work,440-549-6823
1133,133,,Work,959-118-6515
1134,134,75008.0,Work,
1135,135,,Work,851-810-7191
1136,136,75006.0,Work,
1137,137,75001.0,Work,802-173-4188
1138,138,75002.0,Work,311-559-9990
1139,139,,Work,596-335-4027
1140,140,,Work,998-102-4319
1141,141,75001.0,Work,
1142,142,75009.0,Work,523-284-1173
1143,143,75001.0,Work,682-788-0921
1144,144,75001.0,Work,
1145,145,75008.0,Work,940-916-1708
1146,146,,Work,599-479-7143
1147,147,75004.0,Work,194-514-6250
1148,148,,Work,605-462-1975
1149,149,,Work,800-218-9724
1150,150,75001.0,Work,
1151,151,,Work,130-575-1451
1152,152,,Work,780-729-0513
1153,153,,Work,270-936-1024
1154,154,,Work,212-357-5802
1155,155,,Work,363-591-9833
1156,156,75004.0,Work,308-853-5308
1157,157,,Work,505-531-2951
1158,158,75002.0,Work,583-506-0181
1159,159,,Work,
1160,160,75009.0,Work,272-475-7047
1161,161,75004.0,Work,
1162,162,75006.0,Work,871-525-5326
1163,163,,Work,906-287-3813
1164,164,75006.0,Work,519-539-6640
1165,165,75003.0,Work,
1166,166,,Work,299-392-3863
1167,167,75006.0,Work,774-467-6424
1168,168,,Work,138-193-3944
1169,169,75008.0,Work,922-656-3574
1170,170,,Work,179-846-7624
1171,171,,Work,316-810-2478
1172,172,75008.0,Work,429-564-2215
1173,173,75007.0,Work,
1174,174,,Work,
1175,175,75009.0,Work,
1176,176,75002.0,Work,703-259-6055
1177,177,,Work,238-854-7937
1178,178,,Work,
1179,179,75003.0,Work,503-731-6441
1180,180,75008.0,Work,
1181,181,75004.0,Work,677-801-8753
1182,182,,Work,508-481-0030
1183,183,75009.0,Work,580-158-6597
1184,184,75009.0,Work,292-116-1054
1185,185,75007.0,Work,475-504-7773
1186,186,,Work,201-156-7465
1187,187,,Work,161-517-0954
1188,188,75002.0,Work,364-650-8064
1189,189,,Work,732-664-1953
1190,190,,Work,669-622-5273
1191,191,,Work,
1192,192,75001.0,Work,162-660-8196
1193,193,,Work,
1194,194,,Work,927-824-8433
1195,195,,Work,935-971-9145
1196,196,75009.0,Work,306-748-2425
1197,197,,Work,784-524-1493
1198,198,75005.0,Work,528-555-9675
1199,199,75008.0,Work,
1200,200,,Work,
1201,201,75006.0,Work,221-904-6120
1202,202,,Work,
1203,203,,Work,418-875-6867
1204,204,75008.0,Work,713-480-9106
1205,205,,Work,746-410-5130
1206,206,75008.0,Work,244-357-2839
1207,207,75003.0,Work,
1208,208,,Work,677-609-3277
1209,209,,Work,
1210,210,75007.0,Work,550-570-7649
1211,211,,Work,
1212,212,75006.0,Work,577-386-0520
1213,213,75001.0,Work,137-998-6889
1214,214,,Work,
1215,215,,Work,585-884-7792
1216,216,75002.0,Work,770-578-3527
1217,217,75004.0,Work,724-777-7402
1218,218,75009.0,Work,
1219,219,,Work,
1220,220,,Work,391-234-9494
1221,221,,Work,
1222,222,75009.0,Work,297-662-7654
1223,223,75005.0,Work,861-527-6830
1224,224,,Work,855-460-1939
1225,225,,Work,
1226,226,,Work,702-920-2292
1227,227,75004.0,Work,
1228,228,,Work,894-507-0455
1229,229,75005.0,Work,
1230,230,,Work,640-427-7474
1231,231,,Work,939-857-8068
1232,232,,Work,517-733-5398
1233,233,75002.0,Work,957-469-7349
1234,234,,Work,737-734-5439
1235,235,,Work,785-818-6829
1236,236,,Work,691-960-7950
1237,237,,Work,141-363-0839
1238,238,,Work,615-408-7705
1239,239,75004.0,Work,
1240,240,,Work,
1241,241,75002.0,Work,943-658-5773
1242,242,75009.0,Work,
1243,243,75003.0,Work,
1244,244,75006.0,Work,692-610-7221
1245,245,,Work,177-712-1163
1246,246,,Work,515-598-3351
1247,247,75008.0,Work,909-657-7010
1248,248,75009.0,Work,621-282-4315
1249,249,75007.0,Work,565-530-1901
1250,250,,Work,
1251,251,75005.0,Work,221-153-7818
1252,252,75005.0,Work,567-242-8553
1253,253,75002.0,Work,
1254,254,75001.0,Work,226-990-8334
1255,255,75006.0,Work,963-618-3936
1256,256,75009.0,Work,
1257,257,,Work,560-533-3577
1258,258,75001.0,Work,
1259,259,,Work,
1260,260,,Work,678-278-9610
1261,261,,Work,
1262,262,75005.0,Work,159-680-7922
1263,263,75009.0,Work,665-471-8093
1264,264,75008.0,Work,615-291-2936
1265,265,75009.0,Work,
1266,266,75006.0,Work,133-947-4353
1267,267,75002.0,Work,
1268,268,,Work,
1269,269,,Work,454-488-2348
1270,270,,Work,671-260-1052
1271,271,75001.0,Work,995-718-1899
1272,272,75008.0,Work,330-792-9306
1273,273,75002.0,Work,
1274,274,,Work,822-404-6599
1275,275,75005.0,Work,
1276,276,75009.0,Work,304-553-1314
1277,277,,Work,849-878-1350
1278,278,,Work,651-954-5706
1279,279,75006.0,Work,975-186-3275
1280,280,,Work,259-837-7467
1281,281,,Work,955-254-6266
1282,282,75005.0,Work,510-881-2776
1283,283,,Work,
1284,284,,Work,303-687-2112
1285,285,,Work,119-142-4923
1286,286,75003.0,Work,361-841-9483
1287,287,,Work,445-463-2036
1288,288,75009.0,Work,940-283-2494
1289,289,,Work,
1290,290,75005.0,Work,609-397-8181
1291,291,75008.0,Work,
1292,292,75002.0,Work,
1293,293,,Work,
1294,294,,Work,415-391-8624
1295,295,,Work,620-846-8310
1296,296,75004.0,Work,246-751-8770
1297,297,,Work,131-274-4339
1298,298,,Work,768-943-3582
1299,299,,Work,396-378-9449
1300,300,75002.0,Work,685-780-7436
1301,301,,Work,109-441-2458
1302,302,,Work,913-906-8441
1303,303,,Work,
1304,304,75005.0,Work,170-443-0516
1305,305,,Work,897-924-9172
1306,306,,Work,962-769-8706
1307,307,,Work,158-140-9215
1308,308,75005.0,Work,
1309,309,75003.0,Work,230-417-5878
1310,310,75005.0,Work,607-115-0976
1311,311,,Work,
1312,312,,Work,
1313,313,75002.0,Work,
1314,314,75007.0,Work,979-941-2868
1315,315,75002.0,Work,
1316,316,,Work,
1317,317,,Work,398-737-4833
1318,318,,Work,443-334-6477
1319,319,,Work,
1320,320,75009.0,Work,390-842-6160
1321,321,,Work,958-520-7861
1322,322,,Work,
1323,323,75001.0,Work,
1324,324,75006.0,Work,
1325,325,75007.0,Work,474-345-8269
1326,326,,Work,636-215-2441
1327,327,75001.0,Work,
1328,328,,Work,218-566-8321
1329,329,75003.0,Work,
1330,330,,Work,780-766-5194
1331,331,75004.0,Work,
1332,332,,Work,
1333,333,75005.0,Work,317-903-7792
1334,334,,Work,685-967-8364
1335,335,,Work,
1336,336,,Work,970-988-0877
1337,337,75009.0,Work,427-539-2916
1338,338,,Work,201-398-4375
1339,339,,Work,
1340,340,75004.0,Work,
1341,341,75006.0,Work,325-943-8882
1342,342,75008.0,Work,
1343,343,,Work,
1344,344,,Work,681-400-2720
1345,345,75009.0,Work,370-202-5960
1346,346,75009.0,Work,
1347,347,,Work,
1348,348,75007.0,Work,
1349,349,75005.0,Work,945-956-2686
1350,350,,Work,790-506-3204
1351,351,75004.0,Work,887-802-1736
1352,352,75008.0,Work,338-506-2497
1353,353,,Work,
1354,354,,Work,184-568-3761
1355,355,75002.0,Work,
1356,356,75004.0,Work,
1357,357,75003.0,Work,909-215-4838
1358,358,75001.0,Work,879-797-1124
1359,359,,Work,
1360,360,,Work,
1361,361,,Work,
1362,362,75003.0,Work,
1363,363,75001.0,Work,
1364,364,75006.0,Work,504-337-0116
1365,365,,Work,377-536-3273
1366,366,75001.0,Work,948-644-8406
1367,367,,Work,101-854-8404
1368,368,,Work,
1369,369,75001.0,Work,
1370,370,75002.0,Work,416-879-8878
1371,371,75001.0,Work,604-545-2282
1372,372,75008.0,Work,
1373,373,75007.0,Work,
1374,374,75006.0,Work,
1375,375,75001.0,Work,
1376,376,,Work,675-945-1790
1377,377,,Work,391-193-8566
1378,378,,Work,864-330-9633
1379,379,75003.0,Work,
1380,380,,Work,248-192-5921
1381,381,75004.0,Work,386-671-7528
1382,382,75001.0,Work,280-444-8902
1383,383,75001.0,Work,
1384,384,75001.0,Work,
1385,385,,Work,941-950-6164
1386,386,75006.0,Work,625-597-7748
1387,387,75004.0,Work,906-764-3201
1388,388,75003.0,Work,178-568-9297
1389,389,,Work,362-277-0473
1390,390,75008.0,Work,911-265-4340
1391,391,,Work,257-126-5945
1392,392,75002.0,Work,386-168-1195
1393,393,,Work,
1394,394,75003.0,Work,
1395,395,75002.0,Work,357-549-9858
1396,396,,Work,
1397,397,,Work,604-874-4819
1398,398,,Work,115-121-2435
1399,399,75002.0,Work,901-328-3792
1400,400,,Work,709-738-1738
1401,401,75007.0,Work,252-286-8767
1402,402,75002.0,Work,
1403,403,75005.0,Work,
1404,404,,Work,
1405,405,75009.0,Work,713-212-4104
1406,406,,Work,772-475-8322
1407,407,75007.0,Work,834-605-7974
1408,408,75009.0,Work,587-962-3774
1409,409,,Work,779-835-5111
1410,410,75003.0,Work,
1411,411,,Work,273-175-6814
1412,412,75007.0,Work,451-212-5486
1413,413,,Work,425-197-3858
1414,414,,Work,619-813-3510
1415,415,75006.0,Work,
1416,416,,Work,327-101-0402
1417,417,75002.0,Work,190-440-8826
1418,418,,Work,810-648-7739
1419,419,,Work,
1420,420,75009.0,Work,
1421,421,75008.0,Work,
1422,422,75002.0,Work,235-186-3222
1423,423,75002.0,Work,
1424,424,75001.0,Work,368-711-3336
1425,425,75001.0,Work,
1426,426,75003.0,Work,674-810-0933
1427,427,,Work,218-306-4059
1428,428,,Work,
1429,429,75005.0,Work,192-712-9675
1430,430,75008.0,Work,898-361-6855
1431,431,,Work,
1432,432,,Work,587-938-5724
1433,433,,Work,471-194-1796
1434,434,75004.0,Work,999-236-1304
1435,435,75006.0,Work,817-769-4012
1436,436,,Work,110-171-2404
1437,437,,Work,569-256-8237
1438,438,,Work,
1439,439,,Work,
1440,440,,Work,
1441,441,,Work,388-481-3001
1442,442,75006.0,Work,674-799-6565
1443,443,75001.0,Work,260-312-0545
1444,444,75006.0,Work,672-683-0513
1445,445,,Work,
1446,446,75006.0,Work,
1447,447,75001.0,Work,
1448,448,,Work,420-553-3770
1449,449,,Work,585-470-9801
1450,450,,Work,
1451,451,,Work,376-914-5367
1452,452,,Work,
1453,453,75005.0,Work,100-231-1817
1454,454,,Work,771-306-7181
1455,455,75007.0,Work,998-763-9884
1456,456,75005.0,Work,
1457,457,,Work,829-200-9897
1458,458,,Work,622-744-2732
1459,459,,Work,498-501-1581
1460,460,75005.0,Work,140-160-0913
1461,461,,Work,291-645-6297
1462,462,,Work,
1463,463,,Work,641-642-7666
1464,464,,Work,
1465,465,75002.0,Work,946-969-2724
1466,466,75001.0,Work,181-347-5668
1467,467,75003.0,Work,
1468,468,,Work,911-909-9299
1469,469,75004.0,Work,337-219-5406
1470,470,75007.0,Work,
1471,471,75006.0,Work,666-793-8432
1472,472,75008.0,Work,657-178-0570
1473,473,,Work,
1474,474,,Work,363-367-0385
1475,475,,Work,744-953-2520
1476,476,,Work,
1477,477,,Work,886-499-6561
1478,478,75001.0,Work,210-956-8721
1479,479,75007.0,Work,115-370-7575
1480,480,,Work,
1481,481,75004.0,Work,343-733-0736
1482,482,,Work,
1483,483,,Work,636-843-4437
1484,484,,Work,
1485,485,,Work,715-911-8841
1486,486,,Work,
1487,487,75007.0,Work,491-547-7293
1488,488,,Work,
1489,489,,Work,
1490,490,75008.0,Work,278-900-0285
1491,491,,Work,
1492,492,,Work,145-237-4249
1493,493,75005.0,Work,143-216-0318
1494,494,,Work,
1495,495,,Work,
1496,496,,Work,342-644-2961
1497,497,,Work,
1498,498,75006.0,Work,
1499,499,,Work,567-137-4078
1500,500,75001.0,Work,651-793-9301
1501,501,,Work,
1502,502,,Work,
1503,503,,Work,994-399-9693
1504,504,,Work,315-306-9566
1505,505,,Work,976-625-8362
1506,506,75003.0,Work,
1507,507,,Work,715-356-6425
1508,508,,Work,810-493-9449
1509,509,75006.0,Work,112-297-5716
1510,510,,Work,430-508-6482
1511,511,,Work,
1512,512,,Work,979-670-7880
1513,513,75007.0,Work,455-463-2077
1514,514,,Work,230-183-9892
1515,515,,Work,
1516,516,75003.0,Work,
1517,517,,Work,920-635-6087
1518,518,75003.0,Work,298-518-8826
1519,519,75001.0,Work,
1520,520,75001.0,Work,
1521,521,75009.0,Work,173-480-6540
1522,522,,Work,860-212-6627
1523,523,75008.0,Work,820-909-1852
1524,524,75009.0,Work,958-446-5383
1525,525,,Work,
1526,526,,Work,262-101-1866
1527,527,75007.0,Work,522-111-1653
1528,528,75002.0,Work,774-121-2397
1529,529,75001.0,Work,
1530,530,,Work,
1531,531,75009.0,Work,926-708-5734
1532,532,,Work,
1533,533,75002.0,Work,967-395-4123
1534,534,,Work,211-337-3346
1535,535,75008.0,Work,
1536,536,,Work,214-875-7894
1537,537,75001.0,Work,
1538,538,,Work,402-779-2874
1539,539,,Work,
1540,540,75008.0,Work,694-196-8569
1541,541,,Work,106-837-6086
1542,542,,Work,
1543,543,,Work,219-999-2565
1544,544,,Work,673-179-5889
1545,545,,Work,538-548-8954
1546,546,75004.0,Work,141-602-7456
1547,547,75001.0,Work,729-564-5716
1548,548,,Work,796-153-8520
1549,549,75004.0,Work,110-263-9113
1550,550,75009.0,Work,571-496-7077
1551,551,,Work,571-491-7267
1552,552,,Work,470-191-7272
1553,553,75005.0,Work,
1554,554,,Work,645-883-0748
1555,555,,Work,223-219-3564
1556,556,75008.0,Work,
1557,557,75001.0,Work,
1558,558,,Work,
1559,559,,Work,
1560,560,75002.0,Work,
1561,561,,Work,730-152-3265
1562,562,75002.0,Work,268-390-2705
1563,563,,Work,
1564,564,,Work,580-579-5910
1565,565,,Work,326-466-4626
1566,566,,Work,
1567,567,,Work,289-471-9015
1568,568,75004.0,Work,
1569,569,,Work,
1570,570,75006.0,Work,
1571,571,,Work,
1572,572,75006.0,Work,
1573,573,75006.0,Work,
1574,574,75007.0,Work,826-458-5115
1575,575,75008.0,Work,
1576,576,75006.0,Work,
1577,577,75008.0,Work,
1578,578,,Work,912-252-7214
1579,579,75009.0,Work,255-295-2018
1580,580,75002.0,Work,314-583-4688
1581,581,75009.0,Work,
1582,582,75008.0,Work,
1583,583,75002.0,Work,363-241-5864
1584,584,75005.0,Work,550-660-0455
1585,585,,Work,345-921-3286
1586,586,75001.0,Work,
1587,587,75005.0,Work,549-741-7424
1588,588,,Work,
1589,589,75009.0,Work,
1590,590,,Work,242-887-2472
1591,591,75002.0,Work,
1592,592,,Work,
1593,593,,Work,904-847-9468
1594,594,75002.0,Work,417-487-7198
1595,595,,Work,587-911-0972
1596,596,75004.0,Work,
1597,597,,Work,584-514-4430
1598,598,,Work,
1599,599,,Work,
1600,600,,Work,978-658-7078
1601,601,75008.0,Work,
1602,602,75008.0,Work,281-113-3567
1603,603,,Work,196-963-4204
1604,604,75004.0,Work,
1605,605,75006.0,Work,202-138-1150
1606,606,75005.0,Work,106-920-0104
1607,607,,Work,976-166-2533
1608,608,75001.0,Work,
1609,609,75008.0,Work,492-332-2085
1610,610,,Work,
1611,611,75004.0,Work,503-721-7245
1612,612,,Work,645-220-7767
1613,613,,Work,254-186-4625
1614,614,,Work,881-447-2783
1615,615,75009.0,Work,588-654-1271
1616,616,75001.0,Work,958-221-4092
1617,617,,Work,
1618,618,75008.0,Work,
1619,619,,Work,309-787-1028
1620,620,75008.0,Work,607-348-4886
1621,621,,Work,545-360-2357
1622,622,,Work,
1623,623,75008.0,Work,
1624,624,,Work,361-215-4638
1625,625,75004.0,Work,459-864-8915
1626,626,,Work,958-314-1802
1627,627,,Work,141-328-0941
1628,628,75006.0,Work,808-181-9129
1629,629,75009.0,Work,516-759-7808
1630,630,75005.0,Work,855-252-8005
1631,631,75007.0,Work,
1632,632,75003.0,Work,868-394-0329
1633,633,,Work,670-146-2731
1634,634,75005.0,Work,
1635,635,,Work,
1636,636,75001.0,Work,
1637,637,75004.0,Work,410-782-4597
1638,638,75009.0,Work,658-310-5747
1639,639,,Work,411-387-2270
1640,640,75007.0,Work,
1641,641,,Work,
1642,642,75002.0,Work,
1643,643,,Work,150-203-7396
1644,644,75002.0,Work,
1645,645,75002.0,Work,
1646,646,75006.0,Work,938-694-7934
1647,647,75004.0,Work,766-966-9973
1648,648,,Work,
1649,649,,Work,703-877-6527
1650,650,75004.0,Work,
1651,651,75001.0,Work,
1652,652,75005.0,Work,834-113-5525
1653,653,75004.0,Work,170-455-9776
1654,654,75004.0,Work,563-508-8755
1655,655,75009.0,Work,
1656,656,,Work,430-813-1811
1657,657,,Work,209-369-8056
1658,658,75009.0,Work,
1659,659,,Work,
1660,660,,Work,
1661,661,,Work,546-277-4408
1662,662,,Work,355-744-3975
1663,663,,Work,
1664,664,75002.0,Work,
1665,665,75007.0,Work,322-293-5214
1666,666,,Work,
1667,667,,Work,320-378-5745
1668,668,75007.0,Work,
1669,669,,Work,718-992-5788
1670,670,,Work,866-805-8565
1671,671,,Work,
1672,672,,Work,555-601-6156
1673,673,,Work,
1674,674,75005.0,Work,
1675,675,,Work,
1676,676,75009.0,Work,
1677,677,,Work,567-601-0882
1678,678,75004.0,Work,871-803-3297
1679,679,75005.0,Work,452-489-9350
1680,680,,Work,
1681,681,,Work,
1682,682,75004.0,Work,
1683,683,75002.0,Work,650-980-1375
1684,684,,Work,269-345-1175
1685,685,,Work,134-548-9619
1686,686,75005.0,Work,485-816-4440
1687,687,75005.0,Work,363-899-7487
1688,688,75007.0,Work,
1689,689,,Work,
1690,690,75008.0,Work,
1691,691,75001.0,Work,951-845-9890
1692,692,75003.0,Work,
1693,693,75009.0,Work,407-368-1194
1694,694,75009.0,Work,999-162-2933
1695,695,,Work,579-234-7739
1696,696,,Work,166-989-9371
1697,697,75002.0,Work,609-821-9967
1698,698,75002.0,Work,992-895-3755
1699,699,75002.0,Work,852-989-9589
1700,700,,Work,
1701,701,75001.0,Work,238-350-8604
1702,702,75003.0,Work,149-682-6017
1703,703,,Work,748-780-1052
1704,704,,Work,206-596-6259
1705,705,75001.0,Work,112-354-2818
1706,706,75001.0,Work,591-884-2691
1707,707,,Work,383-473-7913
1708,708,,Work,254-973-0667
1709,709,75004.0,Work,888-463-5289
1710,710,,Work,609-798-6342
1711,711,,Work,508-782-4142
1712,712,,Work,889-840-9544
1713,713,,Work,364-340-3725
1714,714,75002.0,Work,
1715,715,75007.0,Work,141-935-9216
1716,716,75003.0,Work,
1717,717,,Work,
1718,718,,Work,850-445-3974
1719,719,,Work,
1720,720,,Work,430-815-8673
1721,721,,Work,264-149-5605
1722,722,,Work,792-811-0958
1723,723,,Work,
1724,724,,Work,
1725,725,75005.0,Work,702-583-6644
1726,726,75005.0,Work,826-706-0583
1727,727,75007.0,Work,
1728,728,75007.0,Work,
1729,729,,Work,
1730,730,,Work,
1731,731,,Work,927-159-9833
1732,732,,Work,423-737-5515
1733,733,75001.0,Work,
1734,734,75008.0,Work,698-905-7989
1735,735,,Work,907-792-5792
1736,736,,Work,263-517-9014
1737,737,75001.0,Work,544-772-2234
1738,738,75007.0,Work,982-804-9481
1739,739,,Work,
1740,740,,Work,
1741,741,,Work,222-428-0051
1742,742,75004.0,Work,699-916-9933
1743,743,,Work,
1744,744,75008.0,Work,827-866-4417
1745,745,,Work,
1746,746,75005.0,Work,
1747,747,75003.0,Work,994-761-1526
1748,748,75002.0,Work,
1749,749,75006.0,Work,212-358-8470
1750,750,,Work,
1751,751,75005.0,Work,
1752,752,75003.0,Work,
1753,753,,Work,
1754,754,,Work,759-281-5716
1755,755,75002.0,Work,406-714-5478
1756,756,,Work,492-299-1126
1757,757,,Work,846-610-1635
1758,758,,Work,
1759,759,,Work,
1760,760,,Work,395-578-2184
1761,761,75008.0,Work,807-169-3416
1762,762,,Work,251-877-3283
1763,763,75005.0,Work,
1764,764,,Work,
1765,765,,Work,
1766,766,,Work,687-121-2366
1767,767,75008.0,Work,789-800-0107
1768,768,,Work,
1769,769,75005.0,Work,409-916-7452
1770,770,,Work,354-737-3709
1771,771,75005.0,Work,714-577-1869
1772,772,75001.0,Work,
1773,773,75001.0,Work,540-412-6074
1774,774,75001.0,Work,262-977-6146
1775,775,75003.0,Work,421-886-8330
1776,776,75004.0,Work,463-169-1702
1777,777,,Work,
1778,778,75008.0,Work,783-899-8456
1779,779,,Work,523-274-3133
1780,780,75002.0,Work,572-665-0771
1781,781,,Work,365-888-2710
1782,782,75006.0,Work,
1783,783,75009.0,Work,818-557-1124
1784,784,,Work,
1785,785,75006.0,Work,
1786,786,75007.0,Work,
1787,787,,Work,665-560-9478
1788,788,75004.0,Work,369-555-8732
1789,789,,Work,
1790,790,75002.0,Work,102-140-8293
1791,791,75007.0,Work,828-857-5737
1792,792,,Work,630-816-6545
1793,793,75002.0,Work,216-602-0444
1794,794,75004.0,Work,284-300-9216
1795,795,75003.0,Work,990-486-3670
1796,796,75001.0,Work,
1797,797,,Work,
1798,798,75006.0,Work,
1799,799,,Work,188-429-2865
1800,800,75002.0,Work,464-341-2474
1801,801,75009.0,Work,
1802,802,,Work,
1803,803,75003.0,Work,652-464-7873
1804,804,75005.0,Work,
1805,805,,Work,740-581-8838
1806,806,,Work,820-202-1804
1807,807,75002.0,Work,100-661-1518
1808,808,75002.0,Work,890-116-9319
1809,809,75008.0,Work,
1810,810,,Work,
1811,811,,Work,969-823-1176
1812,812,75007.0,Work,846-361-8738
1813,813,,Work,470-577-6907
1814,814,75005.0,Work,335-655-4840
1815,815,75007.0,Work,191-290-6834
1816,816,,Work,955-687-6674
1817,817,,Work,863-719-8150
1818,818,,Work,
1819,819,,Work,379-625-9619
1820,820,75004.0,Work,509-451-7131
1821,821,,Work,184-262-2570
1822,822,,Work,637-487-7892
1823,823,75002.0,Work,519-765-8448
1824,824,75008.0,Work,895-892-3925
1825,825,,Work,
1826,826,,Work,
1827,827,75009.0,Work,924-787-8391
1828,828,75001.0,Work,
1829,829,,Work,
1830,830,75007.0,Work,
1831,831,75003.0,Work,302-786-4295
1832,832,,Work,
1833,833,,Work,
1834,834,75002.0,Work,
1835,835,75008.0,Work,
1836,836,75007.0,Work,
1837,837,75003.0,Work,883-823-1560
1838,838,75004.0,Work,
1839,839,75001.0,Work,
1840,840,,Work,480-530-4680
1841,841,75001.0,Work,859-693-9970
1842,842,75002.0,Work,
1843,843,,Work,951-558-0099
1844,844,75001.0,Work,
1845,845,,Work,287-784-2258
1846,846,75002.0,Work,
1847,847,75001.0,Work,897-289-5995
1848,848,75003.0,Work,762-226-6419
1849,849,75009.0,Work,
1850,850,,Work,684-855-3678
1851,851,,Work,850-336-0262
1852,852,75003.0,Work,922-598-2752
1853,853,75001.0,Work,
1854,854,,Work,619-377-1740
1855,855,75006.0,Work,
1856,856,,Work,418-682-1742
1857,857,75005.0,Work,
1858,858,,Work,487-475-9225
1859,859,75006.0,Work,
1860,860,,Work,
1861,861,,Work,773-695-1138
1862,862,75008.0,Work,
1863,863,,Work,100-551-9931
1864,864,,Work,263-674-7139
1865,865,,Work,
1866,866,,Work,599-262-3891
1867,867,75005.0,Work,
1868,868,75001.0,Work,932-257-8479
1869,869,75004.0,Work,
1870,870,75003.0,Work,198-627-3502
1871,871,,Work,
1872,872,,Work,436-482-2868
1873,873,,Work,877-819-5507
1874,874,75007.0,Work,492-191-9580
1875,875,,Work,768-153-5458
1876,876,75002.0,Work,402-651-6655
1877,877,,Work,975-151-3750
1878,878,,Work,636-938-4380
1879,879,,Work,
1880,880,75007.0,Work,
1881,881,75007.0,Work,
1882,882,75008.0,Work,
1883,883,75004.0,Work,828-479-2638
1884,884,75004.0,Work,302-310-8598
1885,885,,Work,729-642-5024
1886,886,75004.0,Work,822-426-0682
1887,887,75006.0,Work,151-802-2646
1888,888,,Work,517-142-9744
1889,889,,Work,
1890,890,,Work,115-182-5549
1891,891,75003.0,Work,645-457-8243
1892,892,,Work,131-163-9605
1893,893,75008.0,Work,173-585-0760
1894,894,75004.0,Work,513-968-5046
1895,895,,Work,504-487-7687
1896,896,75006.0,Work,
1897,897,,Work,331-105-2795
1898,898,,Work,674-375-2354
1899,899,75001.0,Work,
1900,900,75003.0,Work,492-203-2282
1901,901,,Work,396-866-1865
1902,902,,Work,
1903,903,75002.0,Work,543-781-5916
1904,904,,Work,809-903-7313
1905,905,75008.0,Work,569-408-9837
1906,906,75006.0,Work,
1907,907,,Work,715-490-8705
1908,908,75005.0,Work,172-459-3393
1909,909,75002.0,Work,356-598-5553
1910,910,75004.0,Work,
1911,911,,Work,764-862-4579
1912,912,75002.0,Work,535-514-5330
1913,913,,Work,873-232-3815
1914,914,,Work,272-341-0221
1915,915,75005.0,Work,
1916,916,75004.0,Work,618-961-1432
1917,917,75002.0,Work,549-614-2514
1918,918,75001.0,Work,408-209-2742
1919,919,75006.0,Work,698-611-1794
1920,920,75007.0,Work,925-543-3212
1921,921,,Work,861-212-2774
1922,922,75007.0,Work,153-217-3714
1923,923,,Work,
1924,924,75007.0,Work,938-274-1169
1925,925,75001.0,Work,
1926,926,,Work,649-293-4621
1927,927,75003.0,Work,434-734-1027
1928,928,,Work,880-638-9246
1929,929,75001.0,Work,909-974-2259
1930,930,75004.0,Work,154-610-1051
1931,931,75009.0,Work,920-430-8576
1932,932,,Work,793-596-0425
1933,933,,Work,295-578-9581
1934,934,,Work,
1935,935,75008.0,Work,789-266-0855
1936,936,75009.0,Work,
1937,937,,Work,
1938,938,75008.0,Work,798-658-2702
1939,939,,Work,291-495-6448
1940,940,75008.0,Work,
1941,941,,Work,247-726-4817
1942,942,,Work,725-925-0587
1943,943,75008.0,Work,129-248-0082
1944,944,75004.0,Work,
1945,945,,Work,726-948-9688
1946,946,75003.0,Work,
1947,947,75008.0,Work,179-142-8780
1948,948,75001.0,Work,521-631-5872
1949,949,75001.0,Work,241-316-4084
1950,950,,Work,654-930-0410
1951,951,75007.0,Work,465-252-2566
1952,952,,Work,476-284-6613
1953,953,75008.0,Work,950-315-9532
1954,954,75003.0,Work,978-140-2685
1955,955,,Work,232-687-6979
1956,956,75008.0,Work,
1957,957,75003.0,Work,
1958,958,75006.0,Work,624-669-3214
1959,959,75007.0,Work,122-143-1477
1960,960,,Work,751-605-6734
1961,961,,Work,254-306-7137
1962,962,75004.0,Work,612-765-5005
1963,963,75007.0,Work,570-595-8540
1964,964,,Work,
1965,965,,Work,117-459-2460
1966,966,,Work,
1967,967,,Work,893-969-1217
1968,968,75001.0,Work,
1969,969,,Work,772-392-5742
1970,970,,Work,
1971,971,,Work,727-591-4194
1972,972,,Work,474-611-4311
1973,973,,Work,281-163-7057
1974,974,75001.0,Work,513-590-6081
1975,975,75009.0,Work,911-135-9814
1976,976,75001.0,Work,725-849-3877
1977,977,75001.0,Work,916-120-2308
1978,978,,Work,680-399-1077
1979,979,75007.0,Work,509-326-1544
1980,980,,Work,885-458-7049
1981,981,75009.0,Work,195-829-1027
1982,982,,Work,153-854-4154
1983,983,,Work,
1984,984,,Work,554-290-9935
1985,985,75006.0,Work,935-280-2452
1986,986,,Work,
1987,987,75009.0,Work,603-266-1070
1988,988,75001.0,Work,998-707-5639
1989,989,,Work,
1990,990,75005.0,Work,
1991,991,75008.0,Work,569-411-8436
1992,992,75005.0,Work,914-785-8696
1993,993,,Work,
1994,994,75006.0,Work,644-184-8850
1995,995,,Work,929-545-6545
1996,996,75007.0,Work,878-331-9664
1997,997,75009.0,Work,
1998,998,75005.0,Work,266-423-8899
1999,999,,Work,290-423-8165
2000,1000,,Work,
